001,001,226,231,,,,Bulbasaur,grass,poison,45,49,49,65,65,45
002,002,227,232,,,,Ivysaur,grass,poison,60,62,63,80,80,60
003,003,228,233,,,,Venusaur,grass,poison,80,82,83,100,100,80
004,004,229,234,,,,Charmander,fire,-,39,52,43,60,50,65
005,005,230,235,,,,Charmeleon,fire,-,58,64,58,80,65,80
006,006,231,236,,,,Charizard,fire,flying,78,84,78,109,85,100
007,007,232,237,,,,Squirtle,water,-,44,48,65,50,64,43
008,008,233,238,,,,Wartortle,water,-,59,63,80,65,80,58
009,009,234,239,,,,Blastoise,water,-,79,83,100,85,105,78
010,010,024,024,,,,Caterpie,bug,-,45,30,35,20,20,45
011,011,025,025,,,,Metapod,bug,-,50,20,55,25,25,30
012,012,026,026,,,,Butterfree,bug,flying,60,45,50,80,80,70
013,013,027,027,,,,Weedle,bug,poison,40,35,30,20,20,50
014,014,028,028,,,,Kakuna,bug,poison,45,25,50,25,25,35
015,015,029,029,,,,Beedrill,bug,poison,65,80,40,45,80,75
016,016,010,010,,,,Pidgey,normal,flying,40,45,40,35,35,56
017,017,011,011,,,,Pidgeotto,normal,flying,63,60,55,50,50,71
018,018,012,012,,,,Pidgeot,normal,flying,83,80,75,70,70,91
019,019,017,017,,,,Rattata,normal,-,30,56,35,25,35,72
020,020,018,018,,,,Raticate,normal,-,55,81,60,50,70,97
021,021,013,013,,,,Spearow,normal,flying,40,60,30,31,31,70
022,022,014,014,,,,Fearow,normal,flying,65,90,65,61,61,100
023,023,050,050,,,,Ekans,poison,-,35,60,44,40,54,55
024,024,051,051,,,,Arbok,poison,-,60,85,69,65,79,80
025,025,022,022,156,104,,Pikachu,electric,-,35,55,30,50,40,90
026,026,023,023,157,105,,Raichu,electric,-,60,90,55,90,80,100
027,027,048,048,112,,,Sandshrew,ground,-,50,75,85,20,30,40
028,028,049,049,113,,,Sandslash,ground,-,75,100,110,45,55,65
029,029,095,095,,,,Nidoran♀,poison,-,55,47,52,40,40,41
030,030,096,096,,,,Nidorina,poison,-,70,62,67,55,55,56
031,031,097,097,,,,Nidoqueen,poison,ground,90,82,87,75,85,76
032,032,098,098,,,,Nidoran♂,poison,-,46,57,40,40,40,50
033,033,099,099,,,,Nidorino,poison,-,61,72,57,55,55,65
034,034,100,100,,,,Nidoking,poison,ground,81,92,77,85,75,85
035,035,041,041,,100,,Clefairy,normal,-,70,45,48,60,65,35
036,036,042,042,,101,,Clefable,normal,-,95,70,73,85,90,60
037,037,125,127,153,,,Vulpix,fire,-,38,41,40,50,65,65
038,038,126,128,154,,,Ninetales,fire,-,73,76,75,81,100,100
039,039,044,044,138,,,Jigglypuff,normal,-,115,45,20,45,25,20
040,040,045,045,139,,,Wigglytuff,normal,-,140,70,45,75,50,45
041,041,037,037,063,028,,Zubat,poison,flying,40,45,35,30,40,55
042,042,038,038,064,029,,Golbat,poison,flying,75,80,70,65,75,90
043,043,083,083,088,,,Oddish,grass,poison,45,50,55,75,65,30
044,044,084,084,089,,,Gloom,grass,poison,60,65,70,85,75,40
045,045,085,085,090,,,Vileplume,grass,poison,75,80,85,100,90,50
046,046,070,070,,,,Paras,bug,grass,35,70,55,45,55,25
047,047,071,071,,,,Parasect,bug,grass,60,95,80,60,80,30
048,048,108,109,,,,Venonat,bug,poison,60,55,50,40,55,45
049,049,109,110,,,,Venomoth,bug,poison,70,65,60,90,75,90
050,050,132,134,,,,Diglett,ground,-,10,55,25,35,45,95
051,051,133,135,,,,Dugtrio,ground,-,35,80,50,50,70,120
052,052,136,138,,,,Meowth,normal,-,40,45,35,40,40,90
053,053,137,139,,,,Persian,normal,-,65,70,60,65,65,115
054,054,138,140,158,043,,Psyduck,water,-,50,52,48,65,50,55
055,055,139,141,159,044,,Golduck,water,-,80,82,78,95,80,85
056,056,134,136,,,,Mankey,fighting,-,40,80,35,35,45,70
057,057,135,137,,,,Primeape,fighting,-,65,105,60,60,70,95
058,058,127,129,,,,Growlithe,fire,-,55,70,45,70,50,60
059,059,128,130,,,,Arcanine,fire,-,90,110,80,100,80,95
060,060,072,072,,,,Poliwag,water,-,40,50,40,40,40,90
061,061,073,073,,,,Poliwhirl,water,-,65,65,65,50,50,90
062,062,074,074,,,,Poliwrath,water,fighting,90,85,95,70,90,70
063,063,089,089,039,020,,Abra,psychic,-,25,20,15,105,55,90
064,064,090,090,040,021,,Kadabra,psychic,-,40,35,30,120,70,105
065,065,091,091,041,022,,Alakazam,psychic,-,55,50,45,135,85,120
066,066,140,142,073,040,,Machop,fighting,-,70,80,50,35,35,35
067,067,141,143,074,041,,Machoke,fighting,-,80,100,70,50,60,45
068,068,142,144,075,042,,Machamp,fighting,-,90,130,80,65,85,55
069,069,064,064,,,,Bellsprout,grass,poison,50,75,35,70,30,40
070,070,065,065,,,,Weepinbell,grass,poison,65,90,50,85,45,55
071,071,066,066,,,,Victreebel,grass,poison,80,105,65,100,60,70
072,072,162,164,066,136,,Tentacool,water,poison,40,40,35,50,100,70
073,073,163,165,067,137,,Tentacruel,water,poison,80,70,65,80,120,100
074,074,034,034,057,031,,Geodude,rock,ground,40,80,100,30,30,20
075,075,035,035,058,032,,Graveler,rock,ground,55,95,115,45,45,35
076,076,036,036,059,033,,Golem,rock,ground,80,110,130,55,65,45
077,077,201,206,,090,,Ponyta,fire,-,50,85,55,65,65,90
078,078,202,207,,091,,Rapidash,fire,-,65,100,70,80,80,105
079,079,080,080,,,,Slowpoke,water,psychic,90,65,65,40,40,15
080,080,081,081,,,,Slowbro,water,psychic,95,75,110,100,80,30
081,081,118,119,082,178,,Magnemite,electric,steel,25,35,70,95,55,45
082,082,119,120,083,179,,Magneton,electric,steel,50,60,95,120,70,70
083,083,158,160,,,,Farfetch'd,normal,flying,52,65,55,58,62,60
084,084,199,204,092,,,Doduo,normal,flying,35,85,45,35,35,75
085,085,200,205,093,,,Dodrio,normal,flying,60,110,70,60,60,100
086,086,176,178,,,,Seel,water,-,65,45,55,45,70,45
087,087,177,179,,,,Dewgong,water,ice,90,70,80,70,95,70
088,088,116,117,106,,,Grimer,poison,-,80,80,50,40,50,25
089,089,117,118,107,,,Muk,poison,-,105,105,75,65,100,50
090,090,169,171,,,,Shellder,water,-,30,65,100,45,25,40
091,091,170,172,,,,Cloyster,water,ice,50,95,180,85,45,70
092,092,058,058,,069,,Gastly,ghost,poison,30,35,30,100,35,80
093,093,059,059,,070,,Haunter,ghost,poison,45,50,45,115,55,95
094,094,060,060,,071,,Gengar,ghost,poison,60,65,60,130,75,110
095,095,062,062,,034,,Onix,rock,ground,35,45,160,30,45,70
096,096,087,087,,,,Drowzee,psychic,-,60,48,45,43,90,42
097,097,088,088,,,,Hypno,psychic,-,85,73,70,73,115,67
098,098,164,166,,,,Krabby,water,-,30,105,90,25,25,50
099,099,165,167,,,,Kingler,water,-,55,130,115,50,50,75
100,100,120,121,084,,,Voltorb,electric,-,40,30,50,55,55,100
101,101,121,122,085,,,Electrode,electric,-,60,50,70,80,80,140
102,102,104,105,,,,Exeggcute,grass,psychic,60,40,80,60,45,40
103,103,105,106,,,,Exeggutor,grass,psychic,95,95,85,125,65,55
104,104,203,208,,,,Cubone,ground,-,50,50,95,40,50,35
105,105,204,209,,,,Marowak,ground,-,60,80,110,50,80,45
106,106,144,146,,,,Hitmonlee,fighting,-,50,120,53,35,110,87
107,107,145,147,,,,Hitmonchan,fighting,-,50,105,79,35,110,76
108,108,178,180,,161,,Lickitung,normal,-,90,55,75,60,75,30
109,109,114,115,108,,,Koffing,poison,-,40,65,95,60,45,35
110,110,115,116,109,,,Weezing,poison,-,65,90,120,85,70,60
111,111,206,211,169,186,,Rhyhorn,ground,rock,80,85,95,30,30,25
112,112,207,212,170,187,,Rhydon,ground,rock,105,130,120,45,45,40
113,113,217,222,,097,,Chansey,normal,-,250,5,5,35,105,50
114,114,179,182,,181,,Tangela,grass,-,65,55,115,100,40,60
115,115,205,210,,,,Kangaskhan,normal,-,105,95,80,40,80,90
116,116,186,190,184,,,Horsea,water,-,30,40,70,70,25,60
117,117,187,191,185,,,Seadra,water,-,55,65,95,95,45,85
118,118,078,078,050,078,,Goldeen,water,-,45,67,60,35,50,63
119,119,079,079,051,079,,Seaking,water,-,80,92,65,65,80,68
120,120,167,169,143,,,Staryu,water,-,30,45,55,70,55,85
121,121,168,170,144,,,Starmie,water,psychic,60,75,85,100,85,115
122,122,156,158,,095,,Mr. Mime,psychic,-,40,45,65,100,120,90
123,123,110,111,,195,,Scyther,bug,flying,70,110,80,55,80,105
124,124,153,155,,,,Jynx,ice,psychic,65,50,35,115,95,95
125,125,155,157,,198,,Electabuzz,electric,-,65,83,57,95,85,105
126,126,151,153,,201,,Magmar,fire,-,65,95,57,100,85,93
127,127,112,113,167,,,Pinsir,bug,-,65,125,100,55,70,85
128,128,148,150,,,,Tauros,normal,-,75,100,95,40,70,110
129,129,076,076,052,023,,Magikarp,water,-,20,10,55,15,20,80
130,130,077,077,053,024,,Gyarados,water,flying,95,125,79,60,100,81
131,131,219,224,,,,Lapras,water,ice,130,85,80,85,95,60
132,132,092,092,,,,Ditto,normal,-,48,48,48,48,48,48
133,133,180,184,,163,,Eevee,normal,-,55,55,50,45,65,55
134,134,181,185,,164,,Vaporeon,water,-,130,65,60,110,95,65
135,135,182,186,,165,,Jolteon,electric,-,65,65,60,110,95,130
136,136,183,187,,166,,Flareon,fire,-,65,130,60,95,110,65
137,137,215,220,,192,,Porygon,normal,-,65,60,70,85,75,40
138,138,220,225,,,,Omanyte,rock,water,35,40,100,90,55,35
139,139,221,226,,,,Omastar,rock,water,70,60,125,115,70,55
140,140,222,227,,,,Kabuto,rock,water,30,80,90,55,45,55
141,141,223,228,,,,Kabutops,rock,water,60,115,105,65,70,80
142,142,224,229,,,,Aerodactyl,rock,flying,80,105,65,60,75,130
143,143,225,230,,113,,Snorlax,normal,-,160,110,65,65,110,30
144,144,235,240,,,,Articuno,ice,flying,90,85,100,95,125,85
145,145,236,241,,,,Zapdos,electric,flying,90,90,85,125,90,100
146,146,237,242,,,,Moltres,fire,flying,90,100,90,125,85,90
147,147,241,246,,,,Dratini,dragon,-,41,64,45,50,50,50
148,148,242,247,,,,Dragonair,dragon,-,61,84,65,70,70,70
149,149,243,248,,,,Dragonite,dragon,flying,91,134,95,100,100,80
150,150,249,254,,,,Mewtwo,psychic,-,106,110,90,154,90,130
151,151,250,255,,,,Mew,psychic,-,100,100,100,100,100,100
152,,001,001,,,,Chikorita,grass,-,45,49,65,49,65,45
153,,002,002,,,,Bayleef,grass,-,60,62,80,63,80,60
154,,003,003,,,,Meganium,grass,-,80,82,100,83,100,80
155,,004,004,,,,Cyndaquil,fire,-,39,52,43,60,50,65
156,,005,005,,,,Quilava,fire,-,58,64,58,80,65,80
157,,006,006,,,,Typhlosion,fire,-,78,84,78,109,85,100
158,,007,007,,,,Totodile,water,-,50,65,64,44,48,43
159,,008,008,,,,Croconaw,water,-,65,80,80,59,63,58
160,,009,009,,,,Feraligatr,water,-,85,105,100,79,83,78
161,,019,019,,,,Sentret,normal,-,35,46,34,35,45,20
162,,020,020,,,,Furret,normal,-,85,76,64,45,55,90
163,,015,015,,106,,Hoothoot,normal,flying,60,30,30,36,56,50
164,,016,016,,107,,Noctowl,normal,flying,100,50,50,76,96,70
165,,030,030,,,,Ledyba,bug,flying,40,20,30,40,80,55
166,,031,031,,,,Ledian,bug,flying,55,35,50,55,110,85
167,,032,032,,,,Spinarak,bug,poison,40,60,40,40,40,30
168,,033,033,,,,Ariados,bug,poison,70,90,70,60,60,40
169,,039,039,065,030,,Crobat,poison,flying,85,90,80,70,80,130
170,,174,176,181,,,Chinchou,water,electric,75,38,38,56,56,67
171,,175,177,182,,,Lanturn,water,electric,125,58,58,76,76,67
172,,021,021,155,103,,Pichu,electric,-,20,40,15,35,35,60
173,,040,040,,099,,Cleffa,normal,-,50,25,28,45,55,15
174,,043,043,137,,,Igglybuff,normal,-,90,30,15,40,20,15
175,,046,046,,173,,Togepi,normal,-,35,20,65,40,65,20
176,,047,047,,174,,Togetic,normal,flying,55,40,85,80,105,40
177,,159,161,162,,,Natu,psychic,flying,40,50,45,70,45,70
178,,160,162,163,,,Xatu,psychic,flying,65,75,70,95,70,95
179,,053,053,,,,Mareep,electric,-,55,40,40,65,45,35
180,,054,054,,,,Flaaffy,electric,-,70,55,55,80,60,45
181,,055,055,,,,Ampharos,electric,-,90,75,75,115,90,55
182,,086,086,091,,,Bellossom,grass,-,75,80,85,90,100,50
183,,130,132,055,125,,Marill,water,-,70,20,50,20,50,40
184,,131,133,056,126,,Azumarill,water,-,100,50,80,50,80,50
185,,106,107,,093,,Sudowoodo,rock,-,70,100,115,30,65,30
186,,075,075,,,,Politoed,water,-,90,75,75,90,100,70
187,,067,067,,,,Hoppip,grass,flying,35,35,40,35,55,50
188,,068,068,,,,Skiploom,grass,flying,55,45,50,45,65,80
189,,069,069,,,,Jumpluff,grass,flying,75,55,70,55,85,110
190,,122,123,,063,,Aipom,normal,-,55,70,55,40,55,85
191,,102,103,,,,Sunkern,grass,-,30,30,30,30,30,30
192,,103,104,,,,Sunflora,grass,-,75,75,55,105,85,30
193,,101,101,,183,,Yanma,bug,flying,65,65,45,75,45,95
194,,056,056,,117,,Wooper,water,ground,55,45,45,25,25,15
195,,057,057,,118,,Quagsire,water,ground,95,85,85,65,65,35
196,,184,188,,167,,Espeon,psychic,-,65,65,60,130,95,110
197,,185,189,,168,,Umbreon,dark,-,95,65,110,60,130,65
198,,208,213,,074,,Murkrow,dark,flying,60,85,42,85,42,91
199,,082,082,,,,Slowking,water,psychic,95,75,80,100,110,30
200,,214,219,,072,,Misdreavus,ghost,-,60,60,60,85,85,85
201,,061,061,,114,,Unown,psychic,-,48,72,48,72,48,48
202,,107,108,161,,,Wobbuffet,psychic,-,190,33,58,33,58,33
203,,147,149,164,121,,Girafarig,normal,psychic,70,80,65,90,65,85
204,,093,093,,,,Pineco,bug,-,50,65,90,35,35,15
205,,094,094,,,,Forretress,bug,steel,75,90,140,60,60,40
206,,052,052,,,,Dunsparce,normal,-,100,70,70,65,65,45
207,,189,193,,153,,Gligar,ground,flying,65,75,105,35,65,85
208,,063,063,,035,,Steelix,steel,ground,75,85,200,55,65,30
209,,123,125,,,,Snubbull,normal,-,60,80,50,40,40,30
210,,124,126,,,,Granbull,normal,-,90,120,75,60,60,45
211,,161,163,,,,Qwilfish,water,poison,65,95,75,55,55,85
212,,111,112,,196,,Scizor,bug,steel,70,130,100,55,80,65
213,,166,168,,,,Shuckle,bug,rock,20,10,230,10,230,5
214,,113,114,168,062,,Heracross,bug,fighting,80,125,75,40,95,85
215,,213,218,,144,,Sneasel,dark,ice,55,95,55,35,75,115
216,,193,198,,,,Teddiursa,normal,-,60,80,50,50,50,40
217,,194,199,,,,Ursaring,normal,-,90,130,75,75,75,55
218,,211,216,103,,,Slugma,fire,-,40,40,40,70,40,20
219,,212,217,104,,,Magcargo,fire,rock,50,50,120,80,80,30
220,,191,195,,203,,Swinub,ice,ground,50,50,40,30,30,50
221,,192,196,,204,,Piloswine,ice,ground,100,100,80,60,60,50
222,,171,173,180,,,Corsola,water,rock,55,55,85,65,85,35
223,,172,174,,132,,Remoraid,water,-,35,65,35,65,35,65
224,,173,175,,133,,Octillery,water,-,75,105,75,105,75,45
225,,190,194,,,,Delibird,ice,flying,45,55,45,65,45,75
226,,197,202,,141,,Mantine,water,flying,65,40,70,80,140,70
227,,198,203,115,,,Skarmory,steel,flying,65,80,140,40,70,70
228,,209,214,,176,,Houndour,dark,fire,45,60,30,80,50,65
229,,210,215,,177,,Houndoom,dark,fire,75,90,50,110,80,95
230,,188,192,186,,,Kingdra,water,dragon,75,95,95,95,95,85
231,,195,200,165,,,Phanpy,ground,-,90,60,60,40,40,40
232,,196,201,166,,,Donphan,ground,-,90,120,120,60,60,50
233,,216,221,,193,,Porygon2,normal,-,85,80,90,105,95,60
234,,129,131,,,,Stantler,normal,-,73,95,62,85,65,85
235,,157,159,,,,Smeargle,normal,-,55,20,35,20,45,75
236,,143,145,,,,Tyrogue,fighting,-,35,35,35,35,35,35
237,,146,148,,,,Hitmontop,fighting,-,50,95,95,35,110,70
238,,152,154,,,,Smoochum,ice,psychic,45,30,15,85,65,65
239,,154,156,,197,,Elekid,electric,-,45,63,37,65,55,95
240,,150,152,,200,,Magby,fire,-,45,75,37,70,55,83
241,,149,151,,,,Miltank,normal,-,95,80,105,40,70,100
242,,218,223,,098,,Blissey,normal,-,255,10,10,75,135,55
243,,238,243,,,,Raikou,electric,-,90,85,75,115,100,115
244,,239,244,,,,Entei,fire,-,115,115,85,90,75,100
245,,240,245,,,,Suicune,water,-,100,75,115,90,115,85
246,,244,249,,,,Larvitar,rock,ground,50,64,50,45,50,41
247,,245,250,,,,Pupitar,rock,ground,70,84,70,65,70,51
248,,246,251,,,,Tyranitar,rock,dark,100,134,110,95,100,61
249,,247,252,,,,Lugia,psychic,flying,106,90,130,90,154,110
250,,248,253,,,,Ho-oh,fire,flying,106,130,90,110,154,90
251,,251,256,,,,Celebi,psychic,grass,100,100,100,100,100,100
252,,,,001,,,Treecko,grass,-,40,45,35,65,55,70
253,,,,002,,,Grovyle,grass,-,50,65,45,85,65,95
254,,,,003,,,Sceptile,grass,-,70,85,65,105,85,120
255,,,,004,,,Torchic,fire,-,45,60,40,70,50,45
256,,,,005,,,Combusken,fire,fighting,60,85,60,85,60,55
257,,,,006,,,Blaziken,fire,fighting,80,120,70,110,70,80
258,,,,007,,,Mudkip,water,-,50,70,50,50,50,40
259,,,,008,,,Marshtomp,water,ground,70,85,70,60,70,50
260,,,,009,,,Swampert,water,ground,100,110,90,85,90,60
261,,,,010,,,Poochyena,dark,-,35,55,35,30,30,35
262,,,,011,,,Mightyena,dark,-,70,90,70,60,60,70
263,,,,012,,,Zigzagoon,normal,-,38,30,41,30,41,60
264,,,,013,,,Linoone,normal,-,78,70,61,50,61,100
265,,,,014,048,,Wurmple,bug,-,45,45,35,20,30,20
266,,,,015,049,,Silcoon,bug,-,50,35,55,25,25,15
267,,,,016,050,,Beautifly,bug,flying,60,70,50,90,50,65
268,,,,017,051,,Cascoon,bug,-,50,35,55,25,25,15
269,,,,018,052,,Dustox,bug,poison,60,50,70,50,90,65
270,,,,019,,,Lotad,water,grass,40,30,30,40,50,30
271,,,,020,,,Lombre,water,grass,60,50,50,60,70,50
272,,,,021,,,Ludicolo,water,grass,80,70,70,90,100,70
273,,,,022,,,Seedot,grass,-,40,40,50,30,30,30
274,,,,023,,,Nuzleaf,grass,dark,70,70,40,60,40,60
275,,,,024,,,Shiftry,grass,dark,90,100,60,90,60,80
276,,,,025,,,Taillow,normal,flying,40,55,30,30,30,85
277,,,,026,,,Swellow,normal,flying,60,85,60,50,50,125
278,,,,027,119,,Wingull,water,flying,40,30,30,55,30,85
279,,,,028,120,,Pelipper,water,flying,60,50,100,85,70,65
280,,,,029,157,,Ralts,psychic,-,28,25,25,45,35,40
281,,,,030,158,,Kirlia,psychic,-,38,35,35,65,55,50
282,,,,031,159,,Gardevoir,psychic,-,68,65,65,125,115,80
283,,,,032,,,Surskit,bug,water,40,30,32,50,52,65
284,,,,033,,,Masquerain,bug,flying,70,60,62,80,82,60
285,,,,034,,,Shroomish,grass,-,60,40,60,40,60,35
286,,,,035,,,Breloom,grass,fighting,60,130,80,60,60,70
287,,,,036,,,Slakoth,normal,-,60,60,60,35,35,30
288,,,,037,,,Vigoroth,normal,-,80,80,80,55,55,90
289,,,,038,,,Slaking,normal,-,150,160,100,95,65,100
290,,,,042,,,Nincada,bug,ground,31,45,90,30,30,40
291,,,,043,,,Ninjask,bug,flying,61,90,45,50,50,160
292,,,,044,,,Shedinja,bug,ghost,1,90,45,30,30,40
293,,,,045,,,Whismur,normal,-,64,51,23,51,23,28
294,,,,046,,,Loudred,normal,-,84,71,43,71,43,48
295,,,,047,,,Exploud,normal,-,104,91,63,91,63,68
296,,,,048,,,Makuhita,fighting,-,72,60,30,20,30,25
297,,,,049,,,Hariyama,fighting,-,144,120,60,40,60,50
298,,,,054,124,,Azurill,normal,-,50,20,40,20,40,20
299,,,,060,155,,Nosepass,rock,-,30,45,135,45,90,30
300,,,,061,,,Skitty,normal,-,50,45,45,35,35,50
301,,,,062,,,Delcatty,normal,-,70,65,65,55,55,70
302,,,,068,,,Sableye,dark,ghost,50,75,75,65,65,50
303,,,,069,,,Mawile,steel,-,50,85,85,55,55,50
304,,,,070,,,Aron,steel,rock,50,70,100,40,40,30
305,,,,071,,,Lairon,steel,rock,60,90,140,50,50,40
306,,,,072,,,Aggron,steel,rock,70,110,180,60,60,50
307,,,,076,086,,Meditite,fighting,psychic,30,40,55,40,55,60
308,,,,077,087,,Medicham,fighting,psychic,60,60,75,60,75,80
309,,,,078,,,Electrike,electric,-,40,45,40,65,40,65
310,,,,079,,,Manectric,electric,-,70,75,60,105,60,105
311,,,,080,,,Plusle,electric,-,60,50,40,85,75,95
312,,,,081,,,Minun,electric,-,60,40,50,75,85,95
313,,,,086,,,Volbeat,bug,-,65,73,55,47,75,85
314,,,,087,,,Illumise,bug,-,65,47,55,73,75,85
315,,,,094,026,,Roselia,grass,poison,50,60,45,100,80,65
316,,,,095,,,Gulpin,poison,-,70,43,53,43,53,40
317,,,,096,,,Swalot,poison,-,100,73,83,73,83,55
318,,,,097,,,Carvanha,water,dark,45,90,20,65,20,65
319,,,,098,,,Sharpedo,water,dark,70,120,40,95,40,95
320,,,,099,,,Wailmer,water,-,130,70,35,70,35,60
321,,,,100,,,Wailord,water,-,170,90,45,90,45,60
322,,,,101,,,Numel,fire,ground,60,60,40,65,45,35
323,,,,102,,,Camerupt,fire,ground,70,100,70,105,75,40
324,,,,105,,,Torkoal,fire,-,70,85,140,85,70,20
325,,,,110,,,Spoink,psychic,-,60,25,35,70,80,60
326,,,,111,,,Grumpig,psychic,-,80,45,65,90,110,80
327,,,,114,,,Spinda,normal,-,60,60,60,60,60,60
328,,,,116,,,Trapinch,ground,-,45,100,45,45,45,10
329,,,,117,,,Vibrava,ground,dragon,50,70,50,50,50,70
330,,,,118,,,Flygon,ground,dragon,80,100,80,80,80,100
331,,,,119,,,Cacnea,grass,-,50,85,40,85,40,35
332,,,,120,,,Cacturne,grass,dark,70,115,60,115,60,55
333,,,,121,171,,Swablu,normal,flying,45,40,60,40,75,50
334,,,,122,172,,Altaria,dragon,flying,75,70,90,70,105,80
335,,,,123,,,Zangoose,normal,-,73,115,60,60,60,90
336,,,,124,,,Seviper,poison,-,73,100,60,100,60,65
337,,,,125,,,Lunatone,rock,psychic,70,55,65,95,85,70
338,,,,126,,,Solrock,rock,psychic,70,95,85,55,65,70
339,,,,127,080,,Barboach,water,ground,50,48,43,46,41,60
340,,,,128,081,,Whiscash,water,ground,110,78,73,76,71,60
341,,,,129,,,Corphish,water,-,43,80,65,50,35,35
342,,,,130,,,Crawdaunt,water,dark,63,120,85,90,55,55
343,,,,131,,,Baltoy,ground,psychic,40,40,55,40,70,55
344,,,,132,,,Claydol,ground,psychic,60,70,105,70,120,75
345,,,,133,,,Lileep,rock,grass,66,41,77,61,87,23
346,,,,134,,,Cradily,rock,grass,86,81,97,81,107,43
347,,,,135,,,Anorith,rock,bug,45,95,50,40,50,75
348,,,,136,,,Armaldo,rock,bug,75,125,100,70,80,45
349,,,,140,138,,Feebas,water,-,20,15,20,10,55,80
350,,,,141,139,,Milotic,water,-,95,60,79,100,125,81
351,,,,142,,,Castform,normal,-,70,70,70,70,70,70
352,,,,145,,,Kecleon,normal,-,60,90,70,60,120,40
353,,,,146,,,Shuppet,ghost,-,44,75,35,63,33,45
354,,,,147,,,Banette,ghost,-,64,115,65,83,63,65
355,,,,148,189,,Duskull,ghost,-,20,40,90,30,90,25
356,,,,149,190,,Dusclops,ghost,-,40,70,130,60,130,25
357,,,,150,185,,Tropius,grass,flying,99,68,83,72,87,51
358,,,,151,083,,Chimecho,psychic,-,65,50,70,95,80,65
359,,,,152,209,,Absol,dark,-,65,130,60,75,60,75
360,,,,160,,,Wynaut,psychic,-,95,23,48,23,48,23
361,,,,171,206,,Snorunt,ice,-,50,50,50,50,50,50
362,,,,172,207,,Glalie,ice,-,80,80,80,80,80,80
363,,,,173,,,Spheal,ice,water,70,40,50,55,50,25
364,,,,174,,,Sealeo,ice,water,90,60,70,75,70,45
365,,,,175,,,Walrein,ice,water,110,80,90,95,90,65
366,,,,176,,,Clamperl,water,-,35,64,85,74,55,32
367,,,,177,,,Huntail,water,-,55,104,105,94,75,52
368,,,,178,,,Gorebyss,water,-,55,84,105,114,75,52
369,,,,179,,,Relicanth,water,rock,100,90,130,45,65,55
370,,,,183,,,Luvdisc,water,-,43,30,55,40,65,97
371,,,,187,,,Bagon,dragon,-,45,75,60,40,30,50
372,,,,188,,,Shelgon,dragon,-,65,95,100,60,50,50
373,,,,189,,,Salamence,dragon,flying,95,135,80,110,80,100
374,,,,190,,,Beldum,steel,psychic,40,55,80,35,60,30
375,,,,191,,,Metang,steel,psychic,60,75,100,55,80,50
376,,,,192,,,Metagross,steel,psychic,80,135,130,95,90,70
377,,,,193,,,Regirock,rock,-,80,100,200,50,100,50
378,,,,194,,,Regice,ice,-,80,50,100,100,200,50
379,,,,195,,,Registeel,steel,-,80,75,150,75,150,50
380,,,,196,,,Latias,dragon,psychic,80,80,90,110,130,110
381,,,,197,,,Latios,dragon,psychic,80,90,80,130,110,110
382,,,,198,,,Kyogre,water,-,100,100,90,150,140,90
383,,,,199,,,Groudon,ground,-,100,150,140,100,90,90
384,,,,200,,,Rayquaza,dragon,flying,105,150,90,150,90,95
385,,,,201,,,Jirachi,steel,psychic,100,100,100,100,100,100
386,,,,202,,,Deoxys,psychic,-,50,150,50,150,50,150
387,,,,,001,,Turtwig,grass,-,55,68,64,45,55,31
388,,,,,002,,Grotle,grass,-,75,89,85,55,65,36
389,,,,,003,,Torterra,grass,ground,95,109,105,75,85,56
390,,,,,004,,Chimchar,fire,-,44,58,44,58,44,61
391,,,,,005,,Monferno,fire,fighting,64,78,52,78,52,81
392,,,,,006,,Infernape,fire,fighting,76,104,71,104,71,108
393,,,,,007,,Piplup,water,-,53,51,53,61,56,40
394,,,,,008,,Prinplup,water,-,64,66,68,81,76,50
395,,,,,009,,Empoleon,water,steel,84,86,88,111,101,60
396,,,,,010,,Starly,normal,flying,40,55,30,30,30,60
397,,,,,011,,Staravia,normal,flying,55,75,50,40,40,80
398,,,,,012,,Staraptor,normal,flying,85,120,70,50,50,100
399,,,,,013,,Bidoof,normal,-,59,45,40,35,40,31
400,,,,,014,,Bibarel,normal,water,79,85,60,55,60,71
401,,,,,015,,Kricketot,bug,-,37,25,41,25,41,25
402,,,,,016,,Kricketune,bug,-,77,85,51,55,51,65
403,,,,,017,,Shinx,electric,-,45,65,34,40,34,45
404,,,,,018,,Luxio,electric,-,60,85,49,60,49,60
405,,,,,019,,Luxray,electric,-,80,120,79,95,79,70
406,,,,,025,,Budew,grass,poison,40,30,35,50,70,55
407,,,,,027,,Roserade,grass,poison,60,70,55,125,105,90
408,,,,,036,,Cranidos,rock,-,67,125,40,30,30,58
409,,,,,037,,Rampardos,rock,-,97,165,60,65,50,58
410,,,,,038,,Shieldon,rock,steel,30,42,118,42,88,30
411,,,,,039,,Bastiodon,rock,steel,60,52,168,47,138,30
412,,,,,045,,Burmy,bug,-,40,29,45,29,45,36
413,,,,,046,,Wormadam,bug,grass,60,59,85,79,105,36
414,,,,,047,,Mothim,bug,flying,70,94,50,94,50,66
415,,,,,053,,Combee,bug,flying,30,30,42,30,42,70
416,,,,,054,,Vespiquen,bug,flying,70,80,102,80,102,40
417,,,,,055,,Pachirisu,electric,-,60,45,70,45,90,95
418,,,,,056,,Buizel,water,-,55,65,35,60,30,85
419,,,,,057,,Floatzel,water,-,85,105,55,85,50,115
420,,,,,058,,Cherubi,grass,-,45,35,45,62,53,35
421,,,,,059,,Cherrim,grass,-,70,60,70,87,78,85
422,,,,,060,,Shellos,water,-,76,48,48,57,62,34
423,,,,,061,,Gastrodon,water,ground,111,83,68,92,82,39
424,,,124,,064,,Ambipom,normal,-,75,100,66,60,66,115
425,,,,,065,,Drifloon,ghost,flying,90,50,34,60,44,70
426,,,,,066,,Drifblim,ghost,flying,150,80,44,90,54,80
427,,,,,067,,Buneary,normal,-,55,66,44,44,56,85
428,,,,,068,,Lopunny,normal,-,65,76,84,54,96,105
429,,,,,073,,Mismagius,ghost,-,60,60,60,105,105,105
430,,,,,075,,Honchkrow,dark,flying,100,125,52,105,52,71
431,,,,,076,,Glameow,normal,-,49,55,42,42,37,85
432,,,,,077,,Purugly,normal,-,71,82,64,64,59,112
433,,,,,082,,Chingling,psychic,-,45,30,50,65,50,45
434,,,,,084,,Stunky,poison,dark,63,63,47,41,41,74
435,,,,,085,,Skuntank,poison,dark,103,93,67,71,61,84
436,,,,,088,,Bronzor,steel,psychic,57,24,86,24,86,23
437,,,,,089,,Bronzong,steel,psychic,67,89,116,79,116,33
438,,,,,092,,Bonsly,rock,-,50,80,95,10,45,10
439,,,,,094,,Mime Jr.,psychic,-,20,25,45,70,90,60
440,,,,,096,,Happiny,normal,-,100,5,5,15,65,30
441,,,,,102,,Chatot,normal,flying,76,65,45,92,42,91
442,,,,,108,,Spiritomb,ghost,dark,50,92,108,92,108,35
443,,,,,109,,Gible,dragon,ground,58,70,45,40,45,42
444,,,,,110,,Gabite,dragon,ground,68,90,65,50,55,82
445,,,,,111,,Garchomp,dragon,ground,108,130,95,80,85,102
446,,,,,112,,Munchlax,normal,-,135,85,40,40,85,5
447,,,,,115,,Riolu,fighting,-,40,70,40,35,40,60
448,,,,,116,,Lucario,fighting,steel,70,110,70,115,70,90
449,,,,,122,,Hippopotas,ground,-,68,72,78,38,42,32
450,,,,,123,,Hippowdon,ground,-,108,112,118,68,72,47
451,,,,,127,,Skorupi,poison,bug,40,50,90,30,55,65
452,,,,,128,,Drapion,poison,dark,70,90,110,60,75,95
453,,,,,129,,Croagunk,poison,fighting,48,61,40,61,40,50
454,,,,,130,,Toxicroak,poison,fighting,83,106,65,86,65,85
455,,,,,131,,Carnivine,grass,-,74,100,72,90,72,46
456,,,,,134,,Finneon,water,-,49,49,56,49,61,66
457,,,,,135,,Lumineon,water,-,69,69,76,69,86,91
458,,,,,140,,Mantyke,water,flying,45,20,50,60,120,50
459,,,,,142,,Snover,grass,ice,60,62,50,62,60,40
460,,,,,143,,Abomasnow,grass,ice,90,92,75,92,85,60
461,,,,,145,,Weavile,dark,ice,70,120,65,45,85,125
462,,,,,180,,Magnezone,electric,steel,70,70,115,130,90,60
463,,,181,,162,,Lickilicky,normal,-,110,85,95,80,95,50
464,,,,,188,,Rhyperior,ground,rock,115,140,130,55,55,40
465,,,183,,182,,Tangrowth,grass,-,100,100,125,110,50,50
466,,,,,199,,Electivire,electric,-,75,123,67,95,85,95
467,,,,,202,,Magmortar,fire,-,75,95,67,125,95,83
468,,,,,175,,Togekiss,normal,flying,85,50,95,120,115,80
469,,,102,,184,,Yanmega,bug,flying,86,76,86,116,56,95
470,,,,,169,,Leafeon,grass,-,65,110,130,60,65,95
471,,,,,170,,Glaceon,ice,-,65,60,110,130,95,65
472,,,,,154,,Gliscor,ground,flying,75,95,125,45,75,95
473,,,197,,205,,Mamoswine,ice,ground,110,130,80,70,60,80
474,,,,,194,,Porygon-Z,normal,-,85,80,70,135,75,90
475,,,,,160,,Gallade,psychic,fighting,68,125,65,65,115,80
476,,,,,156,,Probopass,rock,steel,60,55,145,75,150,40
477,,,,,191,,Dusknoir,ghost,-,45,100,135,65,135,45
478,,,,,208,,Froslass,ice,ghost,70,80,70,80,70,110
479,,,,,152,,Rotom,electric,ghost,50,50,77,95,77,91
480,,,,,146,,Uxie,psychic,-,75,75,130,75,130,95
481,,,,,147,,Mesprit,psychic,-,80,105,105,105,105,80
482,,,,,148,,Azelf,psychic,-,75,125,70,125,70,115
483,,,,,149,,Dialga,steel,dragon,100,120,120,150,100,90
484,,,,,150,,Palkia,water,dragon,90,120,100,150,120,100
485,,,,,,,Heatran,fire,steel,91,90,106,130,106,77
486,,,,,,,Regigigas,normal,-,110,160,110,80,110,100
487,,,,,210,,Giratina,ghost,dragon,150,100,120,100,120,90
488,,,,,,,Cresselia,psychic,-,120,70,120,75,130,85
489,,,,,,,Phione,water,-,80,80,80,80,80,80
490,,,,,151,,Manaphy,water,-,100,100,100,100,100,100
491,,,,,,,Darkrai,dark,-,70,90,90,135,90,125
492,,,,,,,Shaymin,grass,-,100,100,100,100,100,100
493,,,,,,,Arceus,normal,-,120,120,120,120,120,120
494,,,,,,0,Victini,psychic,fire,100,100,100,100,100,100
495,,,,,,1,Tsutarja,grass,-,45,45,55,45,55,63
496,,,,,,2,Janobii,grass,-,60,60,75,60,75,83
497,,,,,,3,Jaroda,grass,-,75,75,95,75,95,113
498,,,,,,4,Pokabu,fire,-,65,63,45,45,45,45
499,,,,,,5,Chaobuu,fire,fighting,90,93,55,70,55,55
500,,,,,,6,Emboar,fire,fighting,110,123,65,100,65,65
501,,,,,,7,Mijumaru,water,-,55,55,45,63,45,45
502,,,,,,8,Futachimaru,water,-,75,75,60,83,60,60
503,,,,,,9,Daikenki,water,-,95,100,85,108,70,70
504,,,,,,10,Minezumi,normal,-,45,55,39,35,39,42
505,,,,,,11,Miruhoggu,normal,-,60,85,69,60,69,77
506,,,,,,12,Yooterii,normal,-,45,60,45,25,45,55
507,,,,,,13,Haderia,normal,-,65,80,65,35,65,60
508,,,,,,14,Muurando,normal,-,85,100,90,45,90,80
509,,,,,,15,Choroneko,dark,-,41,50,37,50,37,66
510,,,,,,16,Reparudasu,dark,-,64,88,50,88,50,106
511,,,,,,17,Yanappu,grass,-,50,53,48,53,48,64
512,,,,,,18,Yanakki,grass,-,75,98,63,98,63,101
513,,,,,,19,Boappu,fire,-,50,53,48,53,48,64
514,,,,,,20,Baokki,fire,-,75,98,63,98,63,101
515,,,,,,21,Hiyappu,water,-,50,53,48,53,48,64
516,,,,,,22,Hiyakki,water,-,75,98,63,98,63,101
517,,,,,,23,Munna,psychic,-,76,25,45,67,55,24
518,,,,,,24,Musharna,psychic,-,116,55,85,107,95,29
519,,,,,,25,Mamepato,normal,flying,50,55,50,36,30,43
520,,,,,,26,Hatooboo,normal,flying,62,77,62,50,42,65
521,,,,,,27,Kenhorou,normal,flying,80,105,80,65,55,93
522,,,,,,28,Shimama,electric,-,45,60,32,50,32,76
523,,,,,,29,Zeburaika,electric,-,75,100,63,80,63,116
524,,,,,,30,Dangoro,rock,-,55,75,85,25,25,15
525,,,,,,31,Gantoru,rock,-,70,105,105,50,40,20
526,,,,,,32,Gigaiasu,rock,-,85,135,130,60,70,25
527,,,,,,33,Koromori,psychic,flying,55,45,43,55,43,72
528,,,,,,34,Kokoromori,psychic,flying,67,57,55,77,55,114
529,,,,,,35,Moguryuu,ground,-,60,85,40,30,45,68
530,,,,,,36,Doryuuzu,ground,steel,110,135,60,50,65,88
531,,,,,,37,Tabunne,normal,-,103,60,86,60,86,50
532,,,,,,38,Dokkora,fighting,-,75,80,55,25,35,35
533,,,,,,39,Dotekkotsu,fighting,-,85,105,85,40,50,40
534,,,,,,40,Roopushin,fighting,-,105,140,95,55,65,45
535,,,,,,41,Otamaru,water,-,50,50,40,50,40,64
536,,,,,,42,Gamagaru,water,ground,75,65,55,65,55,69
537,,,,,,43,Gamageroge,water,ground,105,85,75,85,75,74
538,,,,,,44,Nageki,fighting,-,120,100,85,30,85,45
539,,,,,,45,Dageki,fighting,-,75,125,75,30,75,85
540,,,,,,46,Kurumiru,bug,grass,45,53,70,40,60,42
541,,,,,,47,Kurumayu,bug,grass,55,63,90,50,80,42
542,,,,,,48,Hahakurimo,bug,grass,75,103,80,70,70,92
543,,,,,,49,Fushide,bug,poison,30,45,59,30,39,57
544,,,,,,50,Hoiiga,bug,poison,40,55,99,40,79,47
545,,,,,,51,Pendoraa,bug,poison,60,90,89,55,69,112
546,,,,,,52,Monmen,grass,-,40,27,60,37,50,66
547,,,,,,53,Erufuun,grass,-,60,67,85,77,75,116
548,,,,,,54,Churine,grass,-,45,35,50,70,50,30
549,,,,,,55,Doredia,grass,-,70,60,75,110,75,90
550,,,,,,56,Basurao,water,-,70,92,65,80,55,98
551,,,,,,57,Meguroko,ground,dark,50,72,35,35,35,65
552,,,,,,58,Warubiru,ground,dark,60,82,45,45,45,74
553,,,,,,59,Warubiaru,ground,dark,95,117,70,65,70,92
554,,,,,,60,Darumakka,fire,-,70,90,45,15,45,50
555,,,,,,61,Hihidaruma,fire,-,105,140,55,30,55,95
556,,,,,,62,Marakacchi,grass,-,75,86,67,106,67,60
557,,,,,,63,Ishizumai,bug,rock,50,65,85,35,35,55
558,,,,,,64,Iwaparesu,bug,rock,70,95,125,65,75,45
559,,,,,,65,Zuruggu,dark,fighting,50,75,70,35,70,48
560,,,,,,66,Zuruzukin,dark,fighting,65,90,115,45,115,58
561,,,,,,67,Shinpora,psychic,flying,72,58,80,103,80,97
562,,,,,,68,Desumasu,ghost,-,38,30,85,55,65,30
563,,,,,,69,Desukan,ghost,-,58,50,145,95,105,30
564,,,,,,70,Purotooga,water,rock,54,78,103,53,45,22
565,,,,,,71,Abagoora,water,rock,74,108,133,83,65,32
566,,,,,,72,Aaken,rock,flying,55,112,45,74,45,70
567,,,,,,73,Aakeosu,rock,flying,75,140,65,112,65,110
568,,,,,,74,Yabakuron,poison,-,50,50,62,40,62,65
569,,,,,,75,Dasutodasu,poison,-,80,95,82,60,82,75
570,,,,,,76,Zorua,dark,-,40,65,40,80,40,65
571,,,,,,77,Zoroark,dark,-,60,105,60,120,60,105
572,,,,,,78,Chillarmy,normal,-,55,50,40,40,40,75
573,,,,,,79,Chirachiino,normal,-,75,95,60,65,60,115
574,,,,,,80,Gochimu,psychic,-,45,30,50,55,65,45
575,,,,,,81,Gochimiru,psychic,-,60,45,70,75,85,55
576,,,,,,82,Gochiruzeru,psychic,-,70,55,95,95,110,65
577,,,,,,83,Yuniran,psychic,-,45,30,40,105,50,20
578,,,,,,84,Daburan,psychic,-,65,40,50,125,60,30
579,,,,,,85,Rankurusu,psychic,-,110,65,75,125,85,30
580,,,,,,86,Koaruhii,water,flying,62,44,50,44,50,55
581,,,,,,87,Swanna,water,flying,75,87,63,87,63,98
582,,,,,,88,Banipucchi,ice,-,36,50,50,65,60,44
583,,,,,,89,Baniricchi,ice,-,51,65,65,80,75,59
584,,,,,,90,Baibanira,ice,-,71,95,85,110,95,79
585,,,,,,91,Shikijika,normal,grass,60,60,50,40,50,75
586,,,,,,92,Mebukijika,normal,grass,80,100,70,60,70,95
587,,,,,,93,Emonga,electric,flying,55,75,60,75,60,103
588,,,,,,94,Kapurumo,bug,-,50,75,45,40,45,60
589,,,,,,95,Shubarugo,bug,steel,70,135,105,60,105,20
590,,,,,,96,Tamagetake,grass,poison,69,55,45,55,55,15
591,,,,,,97,Morobareru,grass,poison,114,85,70,85,80,30
592,,,,,,98,Pururiru,water,ghost,55,40,50,65,85,40
593,,,,,,99,Burungeru,water,ghost,100,60,70,85,105,60
594,,,,,,100,Mamanbou,water,-,165,75,80,40,45,65
595,,,,,,101,Bachuru,bug,electric,50,47,50,57,50,65
596,,,,,,102,Denchura,bug,electric,70,77,60,97,60,108
597,,,,,,103,Tesshiido,grass,steel,44,50,91,24,86,10
598,,,,,,104,Nattorei,grass,steel,74,94,131,54,116,20
599,,,,,,105,Gear,steel,-,40,55,70,45,60,30
600,,,,,,106,Gigear,steel,-,60,80,95,70,85,50
601,,,,,,107,Gigigear,steel,-,60,100,115,70,85,90
602,,,,,,108,Shibishirasu,electric,-,35,55,40,45,40,60
603,,,,,,109,Shibibiiru,electric,-,65,85,70,75,70,40
604,,,,,,110,Shibirudon,electric,-,85,115,80,105,80,50
605,,,,,,111,Riguree,psychic,-,55,55,55,85,55,30
606,,,,,,112,Oobemu,psychic,-,75,75,75,125,95,40
607,,,,,,113,Hitomoshi,ghost,fire,50,30,55,65,55,20
608,,,,,,114,Ranpuraa,ghost,fire,60,40,60,95,60,55
609,,,,,,115,Shandera,ghost,fire,60,55,90,145,90,80
610,,,,,,116,Kibago,dragon,-,46,87,60,30,40,57
611,,,,,,117,Onondo,dragon,-,66,117,70,40,50,67
612,,,,,,118,Ononokusu,dragon,-,76,147,90,60,70,97
613,,,,,,119,Kumashun,ice,-,55,70,40,60,40,40
614,,,,,,120,Tsunbeaa,ice,-,95,110,80,70,80,50
615,,,,,,121,Furiijio,ice,-,70,50,30,95,135,105
616,,,,,,122,Chobomaki,bug,-,50,40,85,40,65,25
617,,,,,,123,Agirudaa,bug,-,80,70,40,100,60,145
618,,,,,,124,Maggyo,ground,electric,109,66,84,81,99,32
619,,,,,,125,Kojofuu,fighting,-,45,85,50,55,50,65
620,,,,,,126,Kojondo,fighting,-,65,125,60,95,60,105
621,,,,,,127,Kurimugan,dragon,-,77,120,90,60,90,48
622,,,,,,128,Gobitto,ground,ghost,59,74,50,35,50,35
623,,,,,,129,Goruugu,ground,ghost,89,124,80,55,80,55
624,,,,,,130,Komatana,dark,steel,45,85,70,40,40,60
625,,,,,,131,Kirikizan,dark,steel,65,125,100,60,70,70
626,,,,,,132,Baffuron,normal,-,95,110,95,40,95,55
627,,,,,,133,Washibon,normal,flying,70,83,50,37,50,60
628,,,,,,134,Wargle,normal,flying,100,123,75,57,75,80
629,,,,,,135,Baruchai,dark,flying,70,55,75,45,65,60
630,,,,,,136,Barujiina,dark,flying,110,65,105,55,95,80
631,,,,,,137,Kuitaran,fire,-,85,97,66,105,66,65
632,,,,,,138,Aianto,bug,steel,58,109,112,48,48,109
633,,,,,,139,Monozu,dark,dragon,52,65,50,45,50,38
634,,,,,,140,Jiheddo,dark,dragon,72,85,70,65,70,58
635,,,,,,141,Sazandora,dark,dragon,92,105,90,125,90,98
636,,,,,,142,Meraruba,bug,fire,55,85,55,50,55,60
637,,,,,,143,Urugamosu,bug,fire,85,60,65,135,105,100
638,,,,,,144,Kobaruon,steel,fighting,91,90,129,90,72,108
639,,,,,,145,Terakion,rock,fighting,91,129,90,72,90,108
640,,,,,,146,Birijion,grass,fighting,91,90,72,90,129,108
641,,,,,,147,Torunerosu,flying,-,79,115,70,125,80,111
642,,,,,,148,Borutorosu,electric,flying,79,115,70,125,80,111
643,,,,,,149,Reshiram,dragon,fire,100,120,100,150,120,90
644,,,,,,150,Zekrom,dragon,electric,100,150,120,120,100,90
645,,,,,,151,Randorosu,ground,flying,89,125,90,115,80,101
646,,,,,,152,Kyuremu,dragon,ice,125,130,90,130,90,95
647,,,,,,153,Kerudio,water,fighting,91,72,90,129,90,108
648,,,,,,154,Meloetta,normal,psychic,100,77,77,128,128,90
649,,,,,,155,Genosekuto,bug,steel,71,120,95,120,95,99
